x,y,z,type,volume,cycle entry,custom:GFP,custom:sample
26.41912006057837,-172.88225029940398,0.0,epithelial_tumor_class_II_hi
-66.21420660108909,-150.36162262818044,0.0,epithelial_tumor_class_II_hi
-75.7412488302121,-25.496579393194843,0.0,epithelial_tumor_class_II_hi
52.50021892895449,165.7655358019842,0.0,epithelial_tumor_class_II_hi
-55.20940545203989,-9.062129835805491,0.0,epithelial_tumor_class_II_hi
-92.98022189572802,-45.597966437122594,0.0,epithelial_tumor_class_II_hi
-89.57939052347048,178.754945996335,0.0,epithelial_tumor_class_II_hi
-133.035874589861,-74.39161543172636,0.0,epithelial_tumor_class_II_hi
154.812837888006,-107.62465452931254,0.0,epithelial_tumor_class_II_hi
-139.82705913843384,7.215870749023378,0.0,epithelial_tumor_class_II_hi
-20.339102021089957,148.9505518168065,0.0,epithelial_tumor_class_II_hi
-98.09151222491528,6.678976394759013,0.0,epithelial_tumor_class_II_hi
-179.82105186232545,-16.74326113377849,0.0,epithelial_tumor_class_II_hi
-61.366418410724755,86.16504536128295,0.0,epithelial_tumor_class_II_hi
-32.86171888049433,128.1272303375737,0.0,epithelial_tumor_class_II_hi
-15.258413367760356,0.15801219929224655,0.0,epithelial_tumor_class_II_hi
-58.77432974809658,72.39465640814355,0.0,epithelial_tumor_class_II_hi
81.73552841308067,15.849249942387415,0.0,epithelial_tumor_class_II_hi
115.06039434835247,-44.70492818699976,0.0,epithelial_tumor_class_II_hi
-40.61947649432308,-17.6462558026623,0.0,epithelial_tumor_class_II_hi
177.86030203729095,27.911610506181532,0.0,epithelial_tumor_class_II_hi
118.7227825022471,-127.95356185765316,0.0,epithelial_tumor_class_II_hi
51.66789555453753,78.89463868116638,0.0,epithelial_tumor_class_II_hi
-36.967699194590274,-183.49933595698775,0.0,epithelial_tumor_class_II_hi
-18.778371545968685,46.77349101243841,0.0,epithelial_tumor_class_II_hi
-144.30108737841294,-126.22550380483874,0.0,epithelial_tumor_class_II_hi
-46.1576973618092,71.12612103871429,0.0,epithelial_tumor_class_II_hi
128.7140486139818,-60.093946823167244,0.0,epithelial_tumor_class_II_hi
76.90531830901482,-67.8066433955587,0.0,epithelial_tumor_class_II_hi
-51.2083617506304,167.99037894960242,0.0,epithelial_tumor_class_II_hi
-192.90401744652172,10.417081440895432,0.0,epithelial_tumor_class_II_hi
38.3382366602584,-187.71342639241232,0.0,epithelial_tumor_class_II_hi
-86.10677369652912,-143.1451843026629,0.0,epithelial_tumor_class_II_hi
-92.79520124459535,-161.50983468592943,0.0,epithelial_tumor_class_II_hi
136.35786129276337,49.62212829744682,0.0,epithelial_tumor_class_II_hi
-13.256473178017892,-198.96213779577275,0.0,epithelial_tumor_class_II_hi
180.0569007340375,-30.13521827569308,0.0,epithelial_tumor_class_II_hi
-8.880194389442815,-164.0842361264928,0.0,epithelial_tumor_class_II_hi
20.27460313911273,-11.7932945418831,0.0,epithelial_tumor_class_II_hi
-8.284268904308282,105.70257309402514,0.0,epithelial_tumor_class_II_hi
-128.4211138126196,49.62569885668826,0.0,epithelial_tumor_class_II_hi
-72.90062472555705,-69.00935271028797,0.0,epithelial_tumor_class_II_hi
6.294697921290797,-14.691952909617315,0.0,epithelial_tumor_class_II_hi
43.53830969142118,-172.34165763002673,0.0,epithelial_tumor_class_II_hi
169.0656403062708,57.98721082405064,0.0,epithelial_tumor_class_II_hi
73.80979713283872,-90.16035386926823,0.0,epithelial_tumor_class_II_hi
-120.76234321360481,-35.475249985833706,0.0,epithelial_tumor_class_II_hi
-60.65477210631116,-6.449008980846112,0.0,epithelial_tumor_class_II_hi
124.93749184039483,-80.31284265057579,0.0,epithelial_tumor_class_II_hi
99.43555198008835,-151.43394574775763,0.0,epithelial_tumor_class_II_hi
47.41121164982086,105.84244823789034,0.0,epithelial_tumor_class_II_hi
58.98743561725559,158.315992098285,0.0,epithelial_tumor_class_II_hi
-89.78946322179615,-100.3783607181067,0.0,epithelial_tumor_class_II_hi
-112.79232227859352,-13.718944674895122,0.0,epithelial_tumor_class_II_hi
124.53465744718655,-66.31849506965115,0.0,epithelial_tumor_class_II_hi
49.064640283799655,-140.22950265579928,0.0,epithelial_tumor_class_II_hi
7.908105169577201,134.9612762437653,0.0,epithelial_tumor_class_II_hi
56.42545524667585,-71.82948346850505,0.0,epithelial_tumor_class_II_hi
-28.75750221204415,-184.50206448058339,0.0,epithelial_tumor_class_II_hi
-80.64067600782496,-108.27629103279197,0.0,epithelial_tumor_class_II_hi
-64.87584078003674,151.4571264441439,0.0,epithelial_tumor_class_II_hi
177.7181765255495,88.53719998621715,0.0,epithelial_tumor_class_II_hi
-165.8153046168125,-102.96928685664015,0.0,epithelial_tumor_class_II_hi
66.48735029100561,-63.852986362983216,0.0,epithelial_tumor_class_II_hi
62.66750648477736,17.182389337604544,0.0,epithelial_tumor_class_II_hi
-29.8854052928224,49.84221405796379,0.0,epithelial_tumor_class_II_hi
93.65893511966681,164.78907902640307,0.0,epithelial_tumor_class_II_hi
-91.30672548160545,-23.913956851947038,0.0,epithelial_tumor_class_II_hi
7.748902482985659,-29.010900305023984,0.0,epithelial_tumor_class_II_hi
-60.549729877331046,24.383293478251066,0.0,epithelial_tumor_class_II_hi
114.05291893561504,54.25525555541425,0.0,epithelial_tumor_class_II_hi
159.0226749486563,-106.81931400052493,0.0,epithelial_tumor_class_II_hi
78.63267870510973,6.033223961660195,0.0,epithelial_tumor_class_II_hi
-193.38120058355602,-26.745350789087997,0.0,epithelial_tumor_class_II_hi
-63.9765604958133,-11.141278662638175,0.0,epithelial_tumor_class_II_hi
-132.9825814946532,-9.20306583471134,0.0,epithelial_tumor_class_II_hi
128.80468187061854,25.69443507954563,0.0,epithelial_tumor_class_II_hi
-101.1436917105204,-65.44948878541194,0.0,epithelial_tumor_class_II_hi
90.10566458473872,-144.98119426722738,0.0,epithelial_tumor_class_II_hi
-118.61074837819314,-77.88565526117509,0.0,epithelial_tumor_class_II_hi
29.905558402156988,-38.38059825693578,0.0,epithelial_tumor_class_II_hi
56.183704378621506,-110.90081840072251,0.0,epithelial_tumor_class_II_hi
-46.05425130947885,-95.71812689252306,0.0,epithelial_tumor_class_II_hi
-68.21842485292763,128.3990905814492,0.0,epithelial_tumor_class_II_hi
68.87984387499401,7.438899626064795,0.0,epithelial_tumor_class_II_hi
-17.30150698203223,-61.314323591383854,0.0,epithelial_tumor_class_II_hi
173.54685142770902,38.06369153285627,0.0,epithelial_tumor_class_II_hi
-109.52263063055932,38.6106915214273,0.0,epithelial_tumor_class_II_hi
-179.51357904142878,82.54404442699456,0.0,epithelial_tumor_class_II_hi
39.481550268529766,-94.22459076590461,0.0,epithelial_tumor_class_II_hi
-42.748208703506265,-74.28828984490067,0.0,epithelial_tumor_class_II_hi
124.56362407706607,12.521918787971373,0.0,epithelial_tumor_class_II_hi
-75.80446214255646,-72.36126243395508,0.0,epithelial_tumor_class_II_hi
21.556046232668074,150.1243303021845,0.0,epithelial_tumor_class_II_hi
50.87964475858937,-122.93055097306703,0.0,epithelial_tumor_class_II_hi
-116.33519023845845,-29.41691207861791,0.0,epithelial_tumor_class_II_hi
-89.96981523342635,-35.747543805584115,0.0,epithelial_tumor_class_II_hi
-81.1774320057028,-68.32649248350322,0.0,epithelial_tumor_class_II_hi
61.13666362898597,-111.09905973817324,0.0,epithelial_tumor_class_II_hi
127.59402268378834,58.85145449097003,0.0,epithelial_tumor_class_II_hi
57.52711170132188,-67.27916714483884,0.0,epithelial_tumor_class_II_hi
-182.62878771736536,60.498910173458064,0.0,epithelial_tumor_class_II_hi
83.16083732860069,-17.803043015514646,0.0,epithelial_tumor_class_II_hi
158.5371987922888,-118.85560472076482,0.0,epithelial_tumor_class_II_hi
-87.80809608035136,-147.58389838057073,0.0,epithelial_tumor_class_II_hi
181.66056748474568,47.49488185137185,0.0,epithelial_tumor_class_II_hi
-21.534210734013058,38.31517246141928,0.0,epithelial_tumor_class_II_hi
-94.63611267566156,-152.4513242970518,0.0,epithelial_tumor_class_II_hi
-18.715534999032066,-128.67523953040026,0.0,epithelial_tumor_class_II_hi
32.9441691764656,57.3195302710708,0.0,epithelial_tumor_class_II_hi
52.775708307649694,-179.75254411441435,0.0,epithelial_tumor_class_II_hi
21.328351306322226,35.45836394620114,0.0,epithelial_tumor_class_II_hi
-96.90224874422675,29.28886220751773,0.0,epithelial_tumor_class_II_hi
107.24572217264812,-106.47175833483678,0.0,epithelial_tumor_class_II_hi
164.63349163129698,37.572888795803344,0.0,epithelial_tumor_class_II_hi
77.05302311634229,182.499508991067,0.0,epithelial_tumor_class_II_hi
79.4434067143362,-31.78251732331905,0.0,epithelial_tumor_class_II_hi
140.39629496962849,-37.66418132790972,0.0,epithelial_tumor_class_II_hi
108.4376704008632,-19.1210850390701,0.0,epithelial_tumor_class_II_hi
94.67602928183247,155.04142494428393,0.0,epithelial_tumor_class_II_hi
106.40381031857572,-65.9580368467864,0.0,epithelial_tumor_class_II_hi
-6.460003535451856,-101.97587901984,0.0,epithelial_tumor_class_II_hi
-60.87517967187194,-141.6661682660784,0.0,epithelial_tumor_class_II_hi
-5.898848334896703,-153.53263288789404,0.0,epithelial_tumor_class_II_hi
23.466259617123463,-69.32545092538588,0.0,epithelial_tumor_class_II_hi
90.53131075052485,154.05414379885477,0.0,epithelial_tumor_class_II_hi
124.23726764673386,-86.05844843219424,0.0,epithelial_tumor_class_II_hi
35.2784328703694,-133.60980897970623,0.0,epithelial_tumor_class_II_hi
35.74504901030879,-48.72682431570844,0.0,epithelial_tumor_class_II_hi
-47.896108907135556,158.67376155871364,0.0,epithelial_tumor_class_II_hi
106.04322059118668,-22.223855121421256,0.0,epithelial_tumor_class_II_hi
-89.77695439660407,-28.133565223855765,0.0,epithelial_tumor_class_II_hi
-65.68470584266923,146.49914082680831,0.0,epithelial_tumor_class_II_hi
-54.72542742117618,-181.88605848404657,0.0,epithelial_tumor_class_II_hi
-57.43256391429503,-119.2036159673038,0.0,epithelial_tumor_class_II_hi
109.36291820520677,-86.05915819548865,0.0,epithelial_tumor_class_II_hi
-51.66767265230655,47.82537358090022,0.0,epithelial_tumor_class_II_hi
106.88026543936851,-51.740854413729394,0.0,epithelial_tumor_class_II_hi
110.44218272298566,98.42460126256219,0.0,epithelial_tumor_class_II_hi
-67.66685519000768,145.16524819303797,0.0,epithelial_tumor_class_II_hi
-11.701677409282727,-116.03741038817265,0.0,epithelial_tumor_class_II_hi
-159.1337027571704,31.505065005531012,0.0,epithelial_tumor_class_II_hi
-28.117879522741156,62.705671801283465,0.0,epithelial_tumor_class_II_hi
-88.89176330257527,-142.83688322615208,0.0,epithelial_tumor_class_II_hi
-152.92461726306257,55.24164471001368,0.0,epithelial_tumor_class_II_hi
-186.58198019769029,19.404647906174738,0.0,epithelial_tumor_class_II_hi
55.01188039626331,67.37658505617533,0.0,epithelial_tumor_class_II_hi
-147.4068105870792,-9.059900603120692,0.0,epithelial_tumor_class_II_hi
-25.715308239464235,-129.08437414526108,0.0,epithelial_tumor_class_II_hi
-101.04206838342942,-48.144310520701495,0.0,epithelial_tumor_class_II_hi
86.53438139543327,100.75682953663404,0.0,epithelial_tumor_class_II_hi
31.168185178033163,104.32398091858853,0.0,epithelial_tumor_class_II_hi
103.06455961894525,60.544393627962506,0.0,epithelial_tumor_class_II_hi
-11.392462927623114,-59.238776418763464,0.0,epithelial_tumor_class_II_hi
-85.61243474046877,-164.58948576381044,0.0,epithelial_tumor_class_II_hi
68.22736322486556,-164.85858119227169,0.0,epithelial_tumor_class_II_hi
77.63766538307402,-21.07514208078105,0.0,epithelial_tumor_class_II_hi
-100.9407583774505,131.84178445076518,0.0,epithelial_tumor_class_II_hi
-70.16236874222484,145.330563305694,0.0,epithelial_tumor_class_II_hi
110.12235394464973,139.0157840289871,0.0,epithelial_tumor_class_II_hi
155.51972736525238,-90.41520172568502,0.0,epithelial_tumor_class_II_hi
84.06186201582874,63.56019064292948,0.0,epithelial_tumor_class_II_hi
35.96409074475761,-186.37748492280045,0.0,epithelial_tumor_class_II_hi
-186.7942619363991,-34.629722857182294,0.0,epithelial_tumor_class_II_hi
-60.205663513876125,-134.5786118144684,0.0,epithelial_tumor_class_II_hi
41.14621126023226,-48.82592859144974,0.0,epithelial_tumor_class_II_hi
8.657159453365383,73.45360049738684,0.0,epithelial_tumor_class_II_hi
50.70505472198222,-90.26981082300996,0.0,epithelial_tumor_class_II_hi
-99.67720779711826,132.7092026562382,0.0,epithelial_tumor_class_II_hi
-10.488712689143018,-70.59819466118418,0.0,epithelial_tumor_class_II_hi
59.16316480001972,-109.73940696548341,0.0,epithelial_tumor_class_II_hi
-80.13594977941406,39.59190270132273,0.0,epithelial_tumor_class_II_hi
-60.08487329427,44.61008646997703,0.0,epithelial_tumor_class_II_hi
-95.64710690747668,-26.960180894117027,0.0,epithelial_tumor_class_II_hi
-191.17888379055,-33.23426351933768,0.0,epithelial_tumor_class_II_hi
-143.55400039754446,14.145072233838512,0.0,epithelial_tumor_class_II_hi
-70.6055854767832,139.48795538731628,0.0,epithelial_tumor_class_II_hi
21.201723404403815,-166.48674412784604,0.0,epithelial_tumor_class_II_hi
0.49018986246182816,11.91571475830298,0.0,epithelial_tumor_class_II_hi
-92.14161391790041,-38.68603436423071,0.0,epithelial_tumor_class_II_hi
-12.381271806293139,-67.19225640865571,0.0,epithelial_tumor_class_II_hi
-84.5621336692147,-58.606450269979206,0.0,epithelial_tumor_class_II_hi
-93.2971223899825,-169.4315335695531,0.0,epithelial_tumor_class_II_hi
-90.16608128873007,94.49829083649806,0.0,epithelial_tumor_class_II_hi
-75.31476857422133,21.50818323393238,0.0,epithelial_tumor_class_II_hi
37.882506654433634,-162.53159721531318,0.0,epithelial_tumor_class_II_hi
-148.6654646356007,-131.2073584464891,0.0,epithelial_tumor_class_II_hi
-148.17449221968315,-46.74716282889547,0.0,epithelial_tumor_class_II_hi
22.523430927894918,-13.283344648836785,0.0,epithelial_tumor_class_II_hi
-19.39849287877856,-33.97346058033138,0.0,epithelial_tumor_class_II_hi
-17.38061197614443,132.0265022739041,0.0,epithelial_tumor_class_II_hi
38.40850826174442,1.0131263568322886,0.0,epithelial_tumor_class_II_hi
-27.80873242749876,-144.9788663922036,0.0,epithelial_tumor_class_II_hi
2.8285389611195693,-38.338537035289626,0.0,epithelial_tumor_class_II_hi
-96.2517106883727,-119.39214522683773,0.0,epithelial_tumor_class_II_hi
21.53193455073995,122.54580738878897,0.0,epithelial_tumor_class_II_hi
39.55918003502058,-2.0433787131439045,0.0,epithelial_tumor_class_II_hi
70.24372018060619,172.31155673424865,0.0,epithelial_tumor_class_II_hi
-106.75584987518253,29.377618749424705,0.0,epithelial_tumor_class_II_hi
100.58312712335997,76.21383344703473,0.0,epithelial_tumor_class_II_hi
35.72443421438247,-137.31505740739905,0.0,epithelial_tumor_class_II_hi
-83.63839886508879,47.00115776115037,0.0,epithelial_tumor_class_II_hi
-194.31737740319005,-29.346177349627688,0.0,epithelial_tumor_class_II_hi
-4.9621039681255645,-83.19333291827964,0.0,epithelial_tumor_class_II_hi
86.88791503950682,110.38180888472289,0.0,epithelial_tumor_class_II_hi
-35.07475870447307,-96.70318818567871,0.0,epithelial_tumor_class_II_hi
125.4121291218053,-147.68062388726872,0.0,epithelial_tumor_class_II_hi
105.8882169983626,20.701107677676912,0.0,epithelial_tumor_class_II_hi
-146.6595487560085,-101.5395402154199,0.0,epithelial_tumor_class_II_hi
-122.99948446724136,-56.28717396947516,0.0,epithelial_tumor_class_II_hi
135.4189807220972,87.2176913367829,0.0,epithelial_tumor_class_II_hi
-12.484331169269643,-92.76687399517598,0.0,epithelial_tumor_class_II_hi
-64.16617779717826,-106.11800059861453,0.0,epithelial_tumor_class_II_hi
31.63031774758289,-190.92283792456922,0.0,epithelial_tumor_class_II_hi
-104.91254669752026,-23.822459901595415,0.0,epithelial_tumor_class_II_hi
-123.09023218434352,-4.495973117722218,0.0,epithelial_tumor_class_II_hi
8.097385506218728,-42.15067833741258,0.0,epithelial_tumor_class_II_hi
82.63530443155197,177.46862199603217,0.0,epithelial_tumor_class_II_hi
-66.25587634482103,112.30964291283362,0.0,epithelial_tumor_class_II_hi
43.68140132190331,6.3716502779367366,0.0,epithelial_tumor_class_II_hi
1.2331080948773456,-170.10591226112695,0.0,epithelial_tumor_class_II_hi
1.4550610350081163,-142.89718442374567,0.0,epithelial_tumor_class_II_hi
74.49821692498475,151.40075498781493,0.0,epithelial_tumor_class_II_hi
-77.235687619518,166.26865607461585,0.0,epithelial_tumor_class_II_hi
109.75067663479352,-139.03227979539034,0.0,epithelial_tumor_class_II_hi
2.629697466140651,184.86371378496318,0.0,epithelial_tumor_class_II_hi
-1.6727635125375684,-68.5111748929775,0.0,epithelial_tumor_class_II_hi
-109.43412276440564,103.21408157567099,0.0,epithelial_tumor_class_II_hi
44.61624695070785,-159.0720130236062,0.0,epithelial_tumor_class_II_hi
-135.39417820448915,-133.54724368610655,0.0,epithelial_tumor_class_II_hi
-142.22030653020374,-43.372769025528605,0.0,epithelial_tumor_class_II_hi
4.541697279330838,111.06223518144212,0.0,epithelial_tumor_class_II_hi
-47.56724050661089,-38.937434347275,0.0,epithelial_tumor_class_II_hi
-130.68097227477028,-96.91906570223846,0.0,epithelial_tumor_class_II_hi
-29.04920875993969,-8.912284932749081,0.0,epithelial_tumor_class_II_hi
21.926051282011283,-40.226672609987254,0.0,epithelial_tumor_class_II_hi
16.10629567248401,-54.374789004690385,0.0,epithelial_tumor_class_II_hi
-108.38926698777803,-63.22068231215205,0.0,epithelial_tumor_class_II_hi
-152.9514160135637,-5.697895100210215,0.0,epithelial_tumor_class_II_hi
-98.7432809998793,0.8534349584107541,0.0,epithelial_tumor_class_II_hi
-63.302731022065466,45.11613157606334,0.0,epithelial_tumor_class_II_hi
-80.79426584220002,-69.82210413694864,0.0,epithelial_tumor_class_II_hi
54.77992378008362,-154.48664167674755,0.0,epithelial_tumor_class_II_hi
44.93651912215585,-194.32217752916011,0.0,epithelial_tumor_class_II_hi
-142.33323078342517,-118.13813691910053,0.0,epithelial_tumor_class_II_hi
60.84425591746615,189.86881405371187,0.0,epithelial_tumor_class_II_hi
-3.619142640712665,42.6173454600266,0.0,epithelial_tumor_class_II_hi
-11.370428919242627,-102.21416097053748,0.0,epithelial_tumor_class_II_hi
-7.544619839149316,179.1514690503784,0.0,epithelial_tumor_class_II_hi
-124.2767173451652,49.41385493037132,0.0,epithelial_tumor_class_II_hi
74.89880327219562,65.73818012460958,0.0,mesenchymal_tumor_class_I_hi
-47.19481652485148,-70.23430131373154,0.0,mesenchymal_tumor_class_I_hi
-79.52050557184168,63.154429271574685,0.0,mesenchymal_tumor_class_I_hi
54.28371333790419,-149.7222334077588,0.0,mesenchymal_tumor_class_I_hi
26.814730864360804,176.11845025158834,0.0,mesenchymal_tumor_class_I_hi
17.069212802004632,-58.82029652703056,0.0,mesenchymal_tumor_class_I_hi
173.5274653854217,-7.7913441325252,0.0,mesenchymal_tumor_class_I_hi
18.97995878331182,63.565758309559094,0.0,mesenchymal_tumor_class_I_hi
-76.24175241097282,-166.61438580507416,0.0,mesenchymal_tumor_class_I_hi
-70.22674450326748,85.79373411610699,0.0,mesenchymal_tumor_class_I_hi
5.14874873051219,104.59897908948265,0.0,mesenchymal_tumor_class_I_hi
30.85036250334551,167.42111105093483,0.0,mesenchymal_tumor_class_I_hi
24.739308028641577,-178.60146079630977,0.0,mesenchymal_tumor_class_I_hi
36.27823785889459,-194.39939127961142,0.0,mesenchymal_tumor_class_I_hi
44.784669377958025,-50.55803537778644,0.0,mesenchymal_tumor_class_I_hi
-106.97501355589067,69.77578186318621,0.0,mesenchymal_tumor_class_I_hi
-110.58126359001955,-131.34340202681452,0.0,mesenchymal_tumor_class_I_hi
-46.70883843109317,-157.0313081400146,0.0,mesenchymal_tumor_class_I_hi
9.321755176839382,-110.30759317384494,0.0,mesenchymal_tumor_class_I_hi
-31.241662137753,115.8875791988065,0.0,mesenchymal_tumor_class_I_hi
-116.69949982225154,21.05781561645778,0.0,mesenchymal_tumor_class_I_hi
32.009022527196386,52.3080230623443,0.0,mesenchymal_tumor_class_I_hi
162.43862065613268,-89.43252574218975,0.0,mesenchymal_tumor_class_I_hi
-87.79532906918169,-19.641501741524795,0.0,mesenchymal_tumor_class_I_hi
63.13031276384607,131.34790622004766,0.0,mesenchymal_tumor_class_I_hi
-23.488037284563045,24.6394751980736,0.0,mesenchymal_tumor_class_I_hi
144.2431956020978,24.09127647729688,0.0,mesenchymal_tumor_class_I_hi
71.70277687290177,-37.36525202822689,0.0,mesenchymal_tumor_class_I_hi
110.19488756377133,23.32351035722797,0.0,mesenchymal_tumor_class_I_hi
-158.75450510437713,106.188927438884,0.0,mesenchymal_tumor_class_I_hi
141.25798083747296,-62.10302044011369,0.0,mesenchymal_tumor_class_I_hi
59.943732240429405,-45.607544344978876,0.0,mesenchymal_tumor_class_I_hi
101.8956952872611,81.44340291832053,0.0,mesenchymal_tumor_class_I_hi
-51.40683410611098,107.17654509101834,0.0,mesenchymal_tumor_class_I_hi
70.77382713856824,106.57790845012349,0.0,mesenchymal_tumor_class_I_hi
-43.877510489233195,95.57808498399267,0.0,mesenchymal_tumor_class_I_hi
-70.26265429100862,57.21878312782328,0.0,mesenchymal_tumor_class_I_hi
103.33360912203764,134.50564569762153,0.0,mesenchymal_tumor_class_I_hi
168.79453311876344,76.11646870821467,0.0,mesenchymal_tumor_class_I_hi
-175.55503002708647,93.85967256494133,0.0,mesenchymal_tumor_class_I_hi
-120.25348016956279,132.79950748790185,0.0,mesenchymal_tumor_class_I_hi
-144.40300995221457,22.855604973036968,0.0,mesenchymal_tumor_class_I_hi
148.6853437502081,20.543184424216033,0.0,mesenchymal_tumor_class_I_hi
-53.891802376148554,-137.10416335558745,0.0,mesenchymal_tumor_class_I_hi
132.29347165728862,-106.35486128642063,0.0,mesenchymal_tumor_class_I_hi
101.94165780686322,-111.56330627280337,0.0,mesenchymal_tumor_class_I_hi
-42.990616613171404,-7.125833862534766,0.0,mesenchymal_tumor_class_I_hi
168.0962622319229,-79.5483628271926,0.0,mesenchymal_tumor_class_I_hi
147.12334803775084,52.32840508348134,0.0,mesenchymal_tumor_class_I_hi
-181.71371609349927,23.041983840321677,0.0,mesenchymal_tumor_class_I_hi
94.28939261185754,-41.242546676484245,0.0,mesenchymal_tumor_class_I_hi
120.58721653383998,-65.56713534352807,0.0,mesenchymal_tumor_class_I_hi
-66.56042025731948,-145.54793698717447,0.0,mesenchymal_tumor_class_I_hi
92.61800211274094,175.60380322815013,0.0,mesenchymal_tumor_class_I_hi
-100.76497366731502,72.42703502489779,0.0,mesenchymal_tumor_class_I_hi
-30.86786562815592,-55.93663240848205,0.0,mesenchymal_tumor_class_I_hi
-113.88293055760309,-30.082895240905202,0.0,mesenchymal_tumor_class_I_hi
-184.26537207531473,-74.5753992685575,0.0,mesenchymal_tumor_class_I_hi
78.10937766862183,-125.71395460725127,0.0,mesenchymal_tumor_class_I_hi
-7.363448011712772,-41.77712531350542,0.0,mesenchymal_tumor_class_I_hi
-192.2299284401425,-10.567289003915775,0.0,mesenchymal_tumor_class_I_hi
-31.956448979378635,6.476063523618404,0.0,mesenchymal_tumor_class_I_hi
156.5212135020267,-120.75939700215227,0.0,mesenchymal_tumor_class_I_hi
166.7982410520982,-56.09834657070207,0.0,mesenchymal_tumor_class_I_hi
16.159274329329065,-87.40649519066315,0.0,mesenchymal_tumor_class_I_hi
-94.89694832512309,27.109459437413896,0.0,mesenchymal_tumor_class_I_hi
-119.29031823531753,4.42390151720667,0.0,mesenchymal_tumor_class_I_hi
-85.19430740399467,52.83447005100967,0.0,mesenchymal_tumor_class_I_hi
-16.66622047119439,-164.56505943180835,0.0,mesenchymal_tumor_class_I_hi
-103.73996202323126,133.3328733951964,0.0,mesenchymal_tumor_class_I_hi
143.77576336374963,-36.733953107118,0.0,mesenchymal_tumor_class_I_hi
-154.439327317403,-53.95190742820087,0.0,mesenchymal_tumor_class_I_hi
-70.47537506199848,-52.603156617665675,0.0,mesenchymal_tumor_class_I_hi
12.36295934406572,-57.05615214078406,0.0,mesenchymal_tumor_class_I_hi
137.75693938426465,-8.723459237101865,0.0,mesenchymal_tumor_class_I_hi
-157.7182394717937,41.415542070919564,0.0,mesenchymal_tumor_class_I_hi
149.54915328722132,55.85309202178631,0.0,mesenchymal_tumor_class_I_hi
-94.90044815125559,-0.6956463574423108,0.0,mesenchymal_tumor_class_I_hi
-13.058624549921204,-116.53942756971598,0.0,mesenchymal_tumor_class_I_hi
-106.13565159755521,-150.6516817793685,0.0,mesenchymal_tumor_class_I_hi
-117.71389884751919,-145.03037259551664,0.0,mesenchymal_tumor_class_I_hi
24.393665317116927,186.66829569938898,0.0,mesenchymal_tumor_class_I_hi
-15.631453262141656,-57.696974821437244,0.0,mesenchymal_tumor_class_I_hi
94.50859546705722,-152.2862385880435,0.0,mesenchymal_tumor_class_I_hi
-68.84648314603622,-105.81632923171401,0.0,mesenchymal_tumor_class_I_hi
92.64366123524387,10.95346742121753,0.0,mesenchymal_tumor_class_I_hi
-171.1057757583118,26.938315081191128,0.0,mesenchymal_tumor_class_I_hi
169.27376294607612,49.56091349303337,0.0,mesenchymal_tumor_class_I_hi
-124.40673449962742,134.3039083244122,0.0,mesenchymal_tumor_class_I_hi
-86.0106929497939,45.02993259771156,0.0,mesenchymal_tumor_class_I_hi
99.34235802886587,80.99209226905622,0.0,mesenchymal_tumor_class_I_hi
99.88649188336646,-33.0827492570884,0.0,mesenchymal_tumor_class_I_hi
-156.67586848775267,31.849344957566757,0.0,mesenchymal_tumor_class_I_hi
-50.54484700856057,-56.67391011425522,0.0,mesenchymal_tumor_class_I_hi
-179.67217131024225,3.525607222207991,0.0,mesenchymal_tumor_class_I_hi
-91.16870945516858,26.048790811469445,0.0,mesenchymal_tumor_class_I_hi
63.26543287179791,122.38102639300516,0.0,mesenchymal_tumor_class_I_hi
-31.15027017713409,170.70217940859752,0.0,mesenchymal_tumor_class_I_hi
29.584379186882572,22.88969490860745,0.0,mesenchymal_tumor_class_I_hi
164.2983170317265,88.30754826811146,0.0,mesenchymal_tumor_class_I_hi
108.17073310765407,-3.5015857582958096,0.0,mesenchymal_tumor_class_I_hi
-177.04458803113258,-80.46229523579932,0.0,mesenchymal_tumor_class_I_hi
-49.4724827511879,-189.72411045701267,0.0,mesenchymal_tumor_class_I_hi
103.88418310637942,58.02790683858528,0.0,mesenchymal_tumor_class_I_hi
-6.878922850998226,2.32667414193648,0.0,mesenchymal_tumor_class_I_hi
-74.33290226212907,-102.5516312307266,0.0,mesenchymal_tumor_class_I_hi
-180.14518696432916,-33.38376230333118,0.0,mesenchymal_tumor_class_I_hi
114.47879617878019,13.531015825394658,0.0,mesenchymal_tumor_class_I_hi
128.89219131228413,114.31167200637937,0.0,mesenchymal_tumor_class_I_hi
-58.631918311411084,-129.7475220305183,0.0,mesenchymal_tumor_class_I_hi
-27.638363234219934,141.25620784453145,0.0,mesenchymal_tumor_class_I_hi
-39.067814032024394,-136.53824932028908,0.0,mesenchymal_tumor_class_I_hi
194.34741056612847,-38.193028249892855,0.0,mesenchymal_tumor_class_I_hi
-55.46254963642807,-180.47781744560336,0.0,mesenchymal_tumor_class_I_hi
-34.625506665635314,142.68859731145912,0.0,mesenchymal_tumor_class_I_hi
133.85860301958007,55.95457870333959,0.0,mesenchymal_tumor_class_I_hi
27.909970536639193,-92.5903340312569,0.0,mesenchymal_tumor_class_I_hi
21.418518317002246,-96.28332254944873,0.0,mesenchymal_tumor_class_I_hi
18.761001021599483,-120.60816192510097,0.0,mesenchymal_tumor_class_I_hi
-16.024817960248438,-178.37876609265666,0.0,mesenchymal_tumor_class_I_hi
141.0586302460783,103.57891474079118,0.0,mesenchymal_tumor_class_I_hi
109.14481417364944,-123.84980312602458,0.0,mesenchymal_tumor_class_I_hi
-79.60517760321012,107.6839710163689,0.0,mesenchymal_tumor_class_I_hi
4.3709215130197,98.04813931540386,0.0,mesenchymal_tumor_class_I_hi
-68.42965778555977,182.5408768330068,0.0,mesenchymal_tumor_class_I_hi
-9.32630732367876,-180.4878491246901,0.0,mesenchymal_tumor_class_I_hi
104.10188140383349,132.9115719584442,0.0,mesenchymal_tumor_class_I_hi
-154.66140263390457,19.367067593574802,0.0,mesenchymal_tumor_class_I_hi
-180.3504929694451,23.22837232041735,0.0,mesenchymal_tumor_class_I_hi
-67.32229872670459,-141.78707959255917,0.0,mesenchymal_tumor_class_I_hi
-28.684978122159833,81.9214454249239,0.0,mesenchymal_tumor_class_I_hi
-78.40273715315175,-139.5353668322537,0.0,mesenchymal_tumor_class_I_hi
143.67853003473877,42.75579280424606,0.0,mesenchymal_tumor_class_I_hi
124.81308168127168,127.38198100780156,0.0,mesenchymal_tumor_class_I_hi
-53.9589979974895,190.56042248034353,0.0,mesenchymal_tumor_class_I_hi
139.55583170807057,127.409820863076,0.0,mesenchymal_tumor_class_I_hi
-43.16871822531041,-36.637467838556226,0.0,mesenchymal_tumor_class_I_hi
-106.12326537513808,-129.49125313558244,0.0,mesenchymal_tumor_class_I_hi
-79.62791057977405,-54.34265549208326,0.0,mesenchymal_tumor_class_I_hi
164.7971703093535,21.103035239866674,0.0,mesenchymal_tumor_class_I_hi
37.36652730818674,-84.70041211041834,0.0,mesenchymal_tumor_class_I_hi
-37.458947206169846,164.38313558401396,0.0,mesenchymal_tumor_class_I_hi
-34.53879863520265,-165.8774671259861,0.0,mesenchymal_tumor_class_I_hi
-100.17540757332448,130.05138228043396,0.0,mesenchymal_tumor_class_I_hi
-81.45974779575874,-36.68190031363367,0.0,mesenchymal_tumor_class_I_hi
6.981395802636462,79.02259441022701,0.0,mesenchymal_tumor_class_I_hi
-70.45984533595124,-76.49923557497685,0.0,mesenchymal_tumor_class_I_hi
137.90336876366285,-102.54349612768654,0.0,mesenchymal_tumor_class_I_hi
-30.551210537899696,-184.41653501881248,0.0,mesenchymal_tumor_class_I_hi
-176.12543613362658,59.389185287595566,0.0,mesenchymal_tumor_class_I_hi
2.388244321502703,-16.850711736189865,0.0,mesenchymal_tumor_class_I_hi
-16.364650225755526,162.41186752750656,0.0,mesenchymal_tumor_class_I_hi
-176.9089161883152,47.05114147639909,0.0,mesenchymal_tumor_class_I_hi
-36.63022407300773,166.7242890696879,0.0,mesenchymal_tumor_class_I_hi
34.86640077987982,56.88007018496135,0.0,mesenchymal_tumor_class_I_hi
-93.08022856337759,-74.04028163478445,0.0,mesenchymal_tumor_class_I_hi
-128.37726728596655,-132.20404812710072,0.0,mesenchymal_tumor_class_I_hi
74.87279458440473,-166.25268892391608,0.0,mesenchymal_tumor_class_I_hi
-150.30772159174325,69.95399774922093,0.0,mesenchymal_tumor_class_I_hi
21.523162485357727,104.80199220062613,0.0,mesenchymal_tumor_class_I_hi
-47.691187836322364,-68.5790010751447,0.0,mesenchymal_tumor_class_I_hi
179.7057171471219,11.253556761658706,0.0,mesenchymal_tumor_class_I_hi
9.772945663793996,96.08588076843569,0.0,mesenchymal_tumor_class_I_hi
20.157621708310188,-82.35349394943957,0.0,mesenchymal_tumor_class_I_hi
138.18283560277064,8.330029758278151,0.0,mesenchymal_tumor_class_I_hi
144.5676567318078,-8.732715797913032,0.0,mesenchymal_tumor_class_I_hi
-97.4489338907571,127.3935572435103,0.0,mesenchymal_tumor_class_I_hi
-1.7743894310053974,-78.84681327440586,0.0,mesenchymal_tumor_class_I_hi
-177.82639307799627,41.799260934761435,0.0,mesenchymal_tumor_class_I_hi
-169.27837278524078,-56.80746311051021,0.0,mesenchymal_tumor_class_I_hi
-170.25168281380914,-52.62894863377823,0.0,mesenchymal_tumor_class_I_hi
-49.68792796486386,182.20145046240128,0.0,mesenchymal_tumor_class_I_hi
70.32092208033154,28.892762668846398,0.0,mesenchymal_tumor_class_I_hi
-89.85996927198491,-8.032032599584658,0.0,mesenchymal_tumor_class_I_hi
148.11030217598653,-40.526838006909166,0.0,mesenchymal_tumor_class_I_hi
-18.902620340467486,-162.11209874013463,0.0,mesenchymal_tumor_class_I_hi
-13.911050573014933,181.54583220326865,0.0,mesenchymal_tumor_class_I_hi
-36.42780157202925,137.4601940401624,0.0,mesenchymal_tumor_class_I_hi
-81.36675631169592,-119.48202932896407,0.0,mesenchymal_tumor_class_I_hi
-57.393635123305614,126.10574204243201,0.0,mesenchymal_tumor_class_I_hi
22.56120324093983,-188.95832859242873,0.0,mesenchymal_tumor_class_I_hi
144.40135803488684,-55.823004209704145,0.0,mesenchymal_tumor_class_I_hi
-83.52207879716464,-176.65327268545366,0.0,mesenchymal_tumor_class_I_hi
-87.94539864912471,-9.239986336223362,0.0,mesenchymal_tumor_class_I_hi
-135.36249730410128,125.86522847997472,0.0,mesenchymal_tumor_class_I_hi
-133.0936249089614,21.381675065603595,0.0,mesenchymal_tumor_class_I_hi
-172.50885108492227,83.60494319276775,0.0,mesenchymal_tumor_class_I_hi
61.508862424798195,109.59230454860369,0.0,mesenchymal_tumor_class_I_hi
55.7676062247741,-30.291475460795485,0.0,mesenchymal_tumor_class_I_hi
-126.42382908664989,134.23929262265807,0.0,mesenchymal_tumor_class_I_hi
146.9459737836042,-134.46452363079086,0.0,mesenchymal_tumor_class_I_hi
-180.6951372990445,-72.52524928434761,0.0,mesenchymal_tumor_class_I_hi
8.605108255892493,-42.22776515976469,0.0,mesenchymal_tumor_class_I_hi
-62.00527126147757,47.77445605297874,0.0,mesenchymal_tumor_class_I_hi
-139.591174427075,-15.105663348682992,0.0,mesenchymal_tumor_class_I_hi
60.046917727207735,-93.729242211911,0.0,mesenchymal_tumor_class_I_hi
-30.59814790661605,6.5994712668007605,0.0,mesenchymal_tumor_class_I_hi
-121.89288549186269,-155.9875931172152,0.0,mesenchymal_tumor_class_I_hi
-124.72734464326496,-63.98762998269033,0.0,mesenchymal_tumor_class_I_hi
-166.481805688105,110.09212415496866,0.0,mesenchymal_tumor_class_I_hi
-12.055231709336443,140.99942384085307,0.0,mesenchymal_tumor_class_I_hi
136.05400604248538,61.611094584511555,0.0,mesenchymal_tumor_class_I_hi
4.859223779920842,-147.63406626660984,0.0,mesenchymal_tumor_class_I_hi
140.5919851289516,73.42801359380087,0.0,mesenchymal_tumor_class_I_hi
158.29691930360886,9.05500956057509,0.0,mesenchymal_tumor_class_I_hi
-69.99382372854328,-17.54492860161326,0.0,mesenchymal_tumor_class_I_hi
-94.04850921830545,67.22591297462627,0.0,mesenchymal_tumor_class_I_hi
134.87914863262492,41.53841391844626,0.0,mesenchymal_tumor_class_I_hi
-14.963501519079545,-146.77383654046244,0.0,mesenchymal_tumor_class_I_hi
-120.53254661461406,-30.562687071713267,0.0,mesenchymal_tumor_class_I_hi
37.417293838821934,-116.2503749686707,0.0,mesenchymal_tumor_class_I_hi
-30.29476594700747,-182.5672060254581,0.0,mesenchymal_tumor_class_I_hi
-137.79684011303183,17.977825080672517,0.0,mesenchymal_tumor_class_I_hi
-16.926746709065487,-63.60318916355058,0.0,mesenchymal_tumor_class_I_hi
77.63337162414864,-81.71865698428182,0.0,mesenchymal_tumor_class_I_hi
-17.154179219278507,-122.32539894724306,0.0,mesenchymal_tumor_class_I_hi
-14.80102692041262,-96.15338662076384,0.0,mesenchymal_tumor_class_I_hi
-106.5756978642568,-138.6346673866336,0.0,mesenchymal_tumor_class_I_hi
-35.34550108309114,-166.58659647084409,0.0,mesenchymal_tumor_class_I_hi
-53.66813392978471,82.17729144580072,0.0,mesenchymal_tumor_class_I_hi
29.832254240501474,62.338006554861245,0.0,mesenchymal_tumor_class_I_hi
84.94657324354009,-170.7996653705565,0.0,mesenchymal_tumor_class_I_hi
83.31061376071298,-82.12582403345229,0.0,mesenchymal_tumor_class_I_hi
-51.73726177055644,94.35135807308464,0.0,mesenchymal_tumor_class_I_hi
-8.147097659617124,65.02443233633998,0.0,mesenchymal_tumor_class_I_hi
-47.84337850235015,-123.03345804065586,0.0,mesenchymal_tumor_class_I_hi
12.09362515742312,-88.3927162154686,0.0,mesenchymal_tumor_class_I_hi
-134.5645556743264,-6.580888010570167,0.0,mesenchymal_tumor_class_I_hi
-0.9305487136565419,48.01022278151458,0.0,mesenchymal_tumor_class_I_hi
-109.71161326111144,24.350297437847534,0.0,mesenchymal_tumor_class_I_hi
-59.84853611687791,-97.31710156393304,0.0,mesenchymal_tumor_class_I_hi
-171.8852645778324,57.133255298092266,0.0,mesenchymal_tumor_class_I_hi
-90.8158009148214,-175.45062980203406,0.0,mesenchymal_tumor_class_I_hi
180.1629782748226,35.25207305794423,0.0,mesenchymal_tumor_class_I_hi
34.27248184601867,-87.11793347151259,0.0,mesenchymal_tumor_class_I_hi
60.20663655560867,65.14119854253885,0.0,mesenchymal_tumor_class_I_hi
-152.86606178773303,77.24703237842782,0.0,mesenchymal_tumor_class_I_hi
41.51824749689867,23.602788466590372,0.0,mesenchymal_tumor_class_I_hi
132.71359321634165,-1.743441784095462,0.0,mesenchymal_tumor_class_I_hi
40.00952913902576,130.55459713462935,0.0,mesenchymal_tumor_class_I_hi
37.539577487679644,-26.84088414877913,0.0,mesenchymal_tumor_class_I_hi
126.65690462108358,-136.87258131681853,0.0,mesenchymal_tumor_class_I_hi
112.04468883900186,-162.74412342750568,0.0,mesenchymal_tumor_class_I_hi
186.42111559944772,69.12674233687657,0.0,mesenchymal_tumor_class_I_hi
-79.63872777719254,16.348271961535147,0.0,mesenchymal_tumor_class_I_hi
76.53318708462771,-149.19092287969247,0.0,mesenchymal_tumor_class_I_hi
6.205055712373418,96.49532790972367,0.0,mesenchymal_tumor_class_I_hi
138.03810909917928,-25.339756969651326,0.0,mesenchymal_tumor_class_I_hi
-110.76908466390229,146.94130216448104,0.0,mesenchymal_tumor_class_I_hi
150.92208829662337,34.23661937777928,0.0,mesenchymal_tumor_class_I_hi
-6.661238616162553,-158.50768115787693,0.0,fibroblast
-70.23604656700506,131.8729495034407,0.0,fibroblast
-126.42450470426904,110.66601061294001,0.0,fibroblast
139.80686141356867,-29.360143340858524,0.0,fibroblast
-13.770588766674939,-42.10651149968073,0.0,fibroblast
132.78991685136324,70.28521259898422,0.0,fibroblast
164.50523176878968,17.049238883665062,0.0,fibroblast
39.223970367556774,-19.657235578298707,0.0,fibroblast
20.734943287798085,-55.88506673428136,0.0,fibroblast
61.43465168254902,11.969180055293139,0.0,fibroblast
-58.08572579361365,-1.2989555582023837,0.0,fibroblast
-85.2034571486124,-76.2681461968669,0.0,fibroblast
112.12704530673355,-93.90923120349427,0.0,fibroblast
154.24216868141147,-89.37994783576274,0.0,fibroblast
-32.53448704714073,60.19681703156776,0.0,fibroblast
178.43725194719175,28.852199142055884,0.0,fibroblast
-121.79280181505416,139.5053577964688,0.0,fibroblast
161.17494487313675,53.053671655062075,0.0,fibroblast
132.07394683507104,147.30889873023725,0.0,fibroblast
28.38056976883507,170.01622091837373,0.0,fibroblast
-27.89833601864562,-43.7574555493802,0.0,fibroblast
-142.2546993657797,65.88310283033692,0.0,fibroblast
45.25093459039218,-187.40063405517745,0.0,fibroblast
-34.25303982394903,-106.95531410260715,0.0,fibroblast
29.18202018078677,-132.65978459134843,0.0,fibroblast
-72.55672097688013,176.15832663792162,0.0,fibroblast
13.754360966786715,-73.38381878590505,0.0,fibroblast
-57.59671377948842,9.897184706400509,0.0,fibroblast
-3.860625014356896,-92.49952150224773,0.0,fibroblast
9.379631473840723,11.961264904829724,0.0,fibroblast
-114.74600519342889,51.049104105454816,0.0,fibroblast
-15.670061367828742,-182.79551844474298,0.0,fibroblast
-73.06983252635203,-40.60494589940026,0.0,fibroblast
71.70926773195174,-72.51612695322453,0.0,fibroblast
82.57006821826786,-148.50821601287566,0.0,fibroblast
-0.8244237905094858,39.18084883711111,0.0,fibroblast
-6.944750924639543,174.19642562254606,0.0,fibroblast
-114.73841659099612,-108.05907252289047,0.0,fibroblast
104.26146992586442,49.88652392929122,0.0,fibroblast
-5.182400737069621,69.82996735195871,0.0,fibroblast
120.61394157512358,94.95497968099912,0.0,fibroblast
-79.59831010725757,29.281537304395254,0.0,fibroblast
-68.66455594055911,-62.9051287156711,0.0,fibroblast
67.19284638888467,-64.9759686457043,0.0,fibroblast
-164.37548638225795,-37.173596636494985,0.0,fibroblast
-182.87168921064423,-48.76168375802155,0.0,fibroblast
-128.3661044535648,96.3601327005285,0.0,fibroblast
30.60343778108534,-11.7763416863421,0.0,fibroblast
-89.05476421793341,-37.655752642341305,0.0,fibroblast
12.55968393845591,-76.5052561827816,0.0,fibroblast
-76.06329526111723,-177.84250463207078,0.0,fibroblast
107.46001988284914,128.18273935790032,0.0,fibroblast
35.2623155832447,-169.01896026444027,0.0,fibroblast
-55.94556615035504,129.13590308038602,0.0,fibroblast
-36.58798382548894,-19.92431825168007,0.0,fibroblast
-2.228301867431393,-84.37358745560557,0.0,fibroblast
28.32156176324568,-102.30724906961291,0.0,fibroblast
188.84196191345754,27.558552967564736,0.0,fibroblast
34.12486934267631,21.68737642752172,0.0,fibroblast
112.48194723203036,87.23904719255623,0.0,fibroblast
71.43539206272753,41.70434778720679,0.0,fibroblast
-113.93046605743474,-121.03372398280464,0.0,fibroblast
-38.13778639252821,-179.0900016709639,0.0,fibroblast
74.32306836917317,-29.163432398377335,0.0,fibroblast
-186.88893975012957,43.84356555658686,0.0,fibroblast
-43.01435472163684,130.63149710650316,0.0,fibroblast
-104.30141443483842,-55.49481025076086,0.0,fibroblast
-72.68001246707647,92.22169915004508,0.0,fibroblast
-89.88677924743804,11.050589702287636,0.0,fibroblast
60.68701734618117,-127.61483332894103,0.0,fibroblast
0.28190985964057624,194.24161896059246,0.0,fibroblast
132.31135278675197,-0.10687811031960974,0.0,fibroblast
-166.27150993994783,8.936572125881774,0.0,fibroblast
-109.58228520965345,3.490405132622237,0.0,fibroblast
132.73331249215428,60.43439464992527,0.0,fibroblast
-0.5715642117995626,181.3547316406427,0.0,fibroblast
-129.0144991595872,4.67452885996153,0.0,fibroblast
-98.26173156833775,61.12198993962378,0.0,fibroblast
-49.95660686571593,-189.49394630495135,0.0,fibroblast
-34.04249650372179,-184.46575890660426,0.0,fibroblast
-146.51465096757798,50.16245967479309,0.0,fibroblast
-105.27290373139138,66.24908125924448,0.0,fibroblast
154.282750146433,-14.188209953650214,0.0,fibroblast
-92.31830784180485,-51.522760633945495,0.0,fibroblast
56.64287019398871,60.05363436527634,0.0,fibroblast
-7.5592900882995355,133.59348976225027,0.0,fibroblast
59.706798816872144,-139.83292100132292,0.0,fibroblast
-103.36145466550614,-119.68829941005296,0.0,fibroblast
41.94945778763755,108.6248813739824,0.0,fibroblast
148.22215990410933,20.635561729557693,0.0,fibroblast
-148.832320962255,17.320661415969404,0.0,fibroblast
-74.31220817777641,-172.203702571298,0.0,fibroblast
94.38085912071018,-87.33269150100398,0.0,fibroblast
-29.60605430265038,170.64828755410068,0.0,fibroblast
43.713647804795535,-89.33806668464709,0.0,fibroblast
-51.55262498576994,-82.76527308149724,0.0,fibroblast
67.06844418481501,81.35051382162416,0.0,fibroblast
-140.457773627211,116.79970941998272,0.0,fibroblast
-179.32105152923015,-30.76736473542613,0.0,fibroblast
18.2401230096139,127.92041554415519,0.0,fibroblast
38.558149469693284,-111.77882647814671,0.0,fibroblast
154.1022322783589,66.67479463207965,0.0,fibroblast
-111.26247906460334,40.2126037187118,0.0,fibroblast
118.49482515468267,135.0246574066939,0.0,fibroblast
-16.35510664762082,-89.61031746143951,0.0,fibroblast
59.30409729756804,4.516650946108923,0.0,fibroblast
13.509987619762128,107.33641913355918,0.0,fibroblast
82.1620391535597,63.13631542739023,0.0,fibroblast
179.06809929540688,-78.21786614962116,0.0,fibroblast
42.011144466999205,143.56461482260246,0.0,fibroblast
102.70598740472448,1.342756131032078,0.0,fibroblast
118.62484571682629,-58.63155759602712,0.0,fibroblast
-118.16849127049542,85.11361121886699,0.0,fibroblast
130.88325991925134,-66.32113343865063,0.0,fibroblast
-66.7917113574319,120.9033460119353,0.0,fibroblast
-67.74711222497645,-2.1562167933246177,0.0,fibroblast
-121.75303319011067,79.25091767678376,0.0,fibroblast
116.0088252678124,156.64111983311352,0.0,fibroblast
97.75844872190716,-36.240093431526404,0.0,fibroblast
-17.221228645264038,-33.10361769968211,0.0,fibroblast
91.05371096204041,-52.99472994692955,0.0,fibroblast
79.69093630625598,-59.233201808192085,0.0,fibroblast
19.309179760841623,47.27071019963363,0.0,fibroblast
-48.216855553687694,30.37334959947376,0.0,fibroblast
-152.29472598093642,53.942830734384316,0.0,fibroblast
-75.51735143981573,36.016806474180115,0.0,fibroblast
148.33136250153174,119.39436111528966,0.0,fibroblast
-196.2068052902158,-7.89013022074343,0.0,fibroblast
41.90587891495884,-77.53394075410262,0.0,fibroblast
49.1279078260333,38.54397913637207,0.0,fibroblast
0.9218010439360017,-167.13560085259644,0.0,fibroblast
103.50448996327214,121.88590748274466,0.0,fibroblast
-13.733181966339268,145.4694601535432,0.0,fibroblast
65.3459911365951,52.79135000376102,0.0,fibroblast
99.51234929177046,159.2503635864565,0.0,fibroblast
-124.11952667341164,32.19148952680943,0.0,fibroblast
77.43420655617412,14.22337086354286,0.0,fibroblast
-184.61616736750233,-0.8184745230975322,0.0,fibroblast
-120.18790718904123,112.71341722876132,0.0,fibroblast
-23.94602523698939,145.372137884458,0.0,fibroblast
20.42731583178467,-30.984878509831695,0.0,fibroblast
0.7672747161532969,38.296571128077765,0.0,fibroblast
-103.07899690856301,-70.87543793483123,0.0,fibroblast
106.72991757220638,-11.253519696572486,0.0,fibroblast
-128.78033778851005,-151.83833785887825,0.0,fibroblast
-60.53887652918972,168.16805646917854,0.0,fibroblast
38.85045595947907,12.886140754608922,0.0,fibroblast
118.13355752428814,-21.921774462956257,0.0,fibroblast
-58.75317046337525,-22.837358691111767,0.0,fibroblast
-45.99323953180255,181.6423575285383,0.0,fibroblast
134.7898295061023,-70.96339653606307,0.0,fibroblast
118.88484466980137,98.65809909322041,0.0,fibroblast
-10.010759944897806,98.31547330682713,0.0,fibroblast
120.61672999085594,126.9548559599858,0.0,fibroblast
-129.94170250346232,37.42619539473024,0.0,fibroblast
51.827512007372455,-152.57462679549505,0.0,fibroblast
-128.08265392982364,115.06154667581377,0.0,fibroblast
-13.76878374368669,-171.77063413338928,0.0,fibroblast
-106.98035909488247,30.1382896486637,0.0,fibroblast
-152.14219721128407,-21.40269157583,0.0,fibroblast
-173.23894870462573,-48.322284737789836,0.0,fibroblast
13.467328097730968,-9.361571471042344,0.0,fibroblast
21.407202285090413,-120.89673035506661,0.0,fibroblast
44.816666120727874,113.51447574952135,0.0,fibroblast
161.84927493754566,-14.904190551323302,0.0,fibroblast
-68.28060432201383,-154.24459327436367,0.0,fibroblast
-65.45130403741351,126.48846546251008,0.0,fibroblast
157.9769086351524,22.20060458838898,0.0,fibroblast
155.7777177062625,43.63645972269485,0.0,fibroblast
113.4204406699535,-34.360896474637485,0.0,fibroblast
148.735087401734,-47.930220381218916,0.0,fibroblast
-94.45904377523439,-118.27840954740896,0.0,fibroblast
105.8039269586881,112.03853204741786,0.0,fibroblast
-51.27066179839907,-51.94805482591468,0.0,fibroblast
56.91558133444719,-2.87894304208227,0.0,fibroblast
-37.937853143049225,128.02337110923642,0.0,fibroblast
-181.53130622146247,6.08360572773437,0.0,fibroblast
-66.96956357159503,79.13589233877026,0.0,fibroblast
-145.83067980953095,-61.65268249826971,0.0,fibroblast
-186.8303713340474,-30.30742496358306,0.0,fibroblast
126.38462292181443,-60.714247315844425,0.0,fibroblast
-73.19359709204473,-17.365260749606488,0.0,fibroblast
184.23217720405916,-4.553681645052555,0.0,fibroblast
112.27224723415816,-33.94082506311368,0.0,fibroblast
-130.70684208508737,86.2198972503872,0.0,fibroblast
94.79685447286121,125.22950086253263,0.0,fibroblast
53.637004524647686,13.037784547745424,0.0,fibroblast
-136.1005699831797,94.91966509319414,0.0,fibroblast
24.77365325026947,32.13877889836809,0.0,fibroblast
116.14127426287023,23.854181234265745,0.0,fibroblast
11.437909214207778,-102.18551946853405,0.0,fibroblast
121.42508275291254,34.325335458032534,0.0,fibroblast
-98.60413471653116,32.19059472351865,0.0,fibroblast
158.29215093612746,46.107857024384195,0.0,fibroblast
149.44716380497292,-32.92170450355898,0.0,fibroblast
-27.228068683981885,-115.82456662736597,0.0,fibroblast
6.330766270356165,78.51203199452118,0.0,fibroblast
-2.0516426528748974,-40.13093560223876,0.0,fibroblast
85.63109815050754,-157.74893937791583,0.0,fibroblast
-181.94999929068723,2.5982979025285116,0.0,fibroblast
55.04456314817794,-87.45936324889163,0.0,fibroblast
198.9358124884882,-3.5634404570623444,0.0,fibroblast
-89.81773118846239,-30.062373349102273,0.0,fibroblast
91.98960235952549,-70.53973813654854,0.0,fibroblast
-107.0100358588537,-31.340981378222395,0.0,fibroblast
-143.9577823441329,132.58950653237397,0.0,fibroblast
4.658557211410084,-0.42070189667014385,0.0,fibroblast
-126.73471326968536,18.778421353552623,0.0,fibroblast
163.80998260363074,27.312466862587733,0.0,fibroblast
123.85449039947248,10.738481619230095,0.0,fibroblast
-42.964847588864636,184.59003230459788,0.0,fibroblast
-68.86044680355766,-44.35279356726304,0.0,fibroblast
167.4690082646325,-30.825491242183,0.0,fibroblast
-118.85156255764109,-61.794231162678976,0.0,fibroblast
-50.73742279498133,-65.00884956597234,0.0,fibroblast
61.52820457564412,158.43442485059444,0.0,fibroblast
-56.35147871697849,-32.5284729425151,0.0,fibroblast
33.03605036047017,6.418632960826065,0.0,fibroblast
-53.69225818350702,39.860760527977966,0.0,fibroblast
-12.752347425725636,-155.53043937002766,0.0,fibroblast
154.83665447906142,95.76228966431415,0.0,fibroblast
-23.58360160453288,-190.89036689296302,0.0,fibroblast
-142.51838181425666,133.9935275784346,0.0,fibroblast
10.360143469085669,-68.96374893030149,0.0,fibroblast
-8.838064827352262,-189.18178631230597,0.0,fibroblast
-36.171756613654104,-132.72738373054278,0.0,fibroblast
-171.00509183669436,-95.46890765369615,0.0,fibroblast
-154.93321425931467,-97.15300177706571,0.0,fibroblast
-47.69620196759188,-14.066437355295902,0.0,fibroblast
-173.75145709713658,62.595496236673625,0.0,fibroblast
-60.17195344950687,19.78674464353273,0.0,fibroblast
55.153292622129825,56.22097093511359,0.0,fibroblast
-73.44767536471788,-50.28738250361279,0.0,fibroblast
-106.57193749490229,146.06996256528723,0.0,fibroblast
-143.3046993337829,0.01482830743548857,0.0,fibroblast
14.422794141897079,-82.40949299973136,0.0,fibroblast
-44.114633580582414,164.11008162715262,0.0,fibroblast
-102.41061828533917,-46.91014692689897,0.0,fibroblast
-129.2723376758039,141.20178723437874,0.0,fibroblast
-38.885756772950735,178.0280934586802,0.0,fibroblast
-44.86690941993746,-97.51003065952682,0.0,fibroblast
88.25976607931545,-86.71126791587295,0.0,fibroblast
-87.0042025466777,24.080818774719496,0.0,fibroblast
-53.30161286158899,57.45840902545965,0.0,fibroblast
132.4275016447475,79.20849105858444,0.0,fibroblast
-150.2011945010168,43.44782925974244,0.0,fibroblast
79.83636094197286,13.758664883173937,0.0,fibroblast
-148.24143878679965,-12.984296908599127,0.0,fibroblast
24.424738509613526,130.92362361020628,0.0,fibroblast
128.47081044775823,-62.29265433925595,0.0,fibroblast
-40.07046232654532,395.0634659131594,0.0,CD8_Tcell
-356.01229641709426,140.8694618433675,0.0,CD8_Tcell
38.64371021729551,-266.32219525508435,0.0,CD8_Tcell
200.0312762981988,-266.4157961786915,0.0,CD8_Tcell
-259.99718519780794,190.80462814486623,0.0,CD8_Tcell
289.1901027055414,204.8638981434637,0.0,CD8_Tcell
-187.97470962261613,-244.5294400966162,0.0,CD8_Tcell
-62.76313488747918,333.90313279422116,0.0,CD8_Tcell
-330.3765905404443,-23.316955067359736,0.0,CD8_Tcell
345.8629122946535,-40.33849532219022,0.0,CD8_Tcell
-284.9451807496723,197.6330573876127,0.0,CD8_Tcell
317.81181109454997,-189.14590688837885,0.0,CD8_Tcell
188.9709708703211,322.08220618673914,0.0,CD8_Tcell
-62.787811976886054,-321.15049930326023,0.0,CD8_Tcell
291.63440425735894,-1.283643633072004,0.0,CD8_Tcell
-140.9091937909721,-311.58930977955674,0.0,CD8_Tcell
-122.51736016245104,-284.78254875488943,0.0,CD8_Tcell
-19.72123638279157,-259.93467282688766,0.0,CD8_Tcell
-53.88784292805534,202.12600787397773,0.0,CD8_Tcell
56.21124749865468,-216.15013683812137,0.0,CD8_Tcell
158.65622799874842,-159.4967827184768,0.0,CD8_Tcell
-384.198159634438,44.35829755626353,0.0,CD8_Tcell
38.79418562999879,197.0810935113571,0.0,CD8_Tcell
255.8076038334611,197.62676136621903,0.0,CD8_Tcell
129.9515550443676,365.33450040824033,0.0,CD8_Tcell
195.03652243000786,-170.64734511489,0.0,CD8_Tcell
269.6000343034193,18.218923628389977,0.0,CD8_Tcell
294.6030100931996,-135.07914592956442,0.0,CD8_Tcell
332.5278299058231,154.67433267605574,0.0,CD8_Tcell
122.51543821534815,286.8623754615192,0.0,CD8_Tcell
-218.41623644409543,237.74492707188926,0.0,CD8_Tcell
-181.62215016808057,-117.02760448119113,0.0,CD8_Tcell
175.0560573633547,-253.42877482918607,0.0,CD8_Tcell
89.25180256688931,238.63792934011005,0.0,CD8_Tcell
-218.4423501884057,308.3796359014595,0.0,CD8_Tcell
-292.88502188878977,18.259214487148252,0.0,CD8_Tcell
221.71192828281627,-153.68531631817436,0.0,CD8_Tcell
286.40768480858503,136.72472301858028,0.0,CD8_Tcell
337.0762231413209,-4.452422581301834,0.0,CD8_Tcell
-182.0641615615769,224.0300697736637,0.0,CD8_Tcell
-96.78835233820159,-241.84386729688634,0.0,CD8_Tcell
-8.215790781803646,-311.33496092694,0.0,CD8_Tcell
51.479907042266895,-319.6410717632463,0.0,CD8_Tcell
103.14906438211978,234.10451291047855,0.0,CD8_Tcell
-118.61815450350696,-168.79908952024846,0.0,CD8_Tcell
310.35612217587936,-193.7735184668987,0.0,CD8_Tcell
307.748296325543,-246.51640854681554,0.0,CD8_Tcell
-139.00095087993847,-347.74988265031277,0.0,CD8_Tcell
146.35660872352577,-252.7584926346717,0.0,CD8_Tcell
-96.50875285106454,316.18384246607803,0.0,CD8_Tcell
14.496001150129118,311.8430819229474,0.0,CD8_Tcell
-374.1604873404292,69.69218385825127,0.0,CD8_Tcell
392.6184957098827,8.295867737213348,0.0,CD8_Tcell
-165.53432276882626,-174.51030948259648,0.0,CD8_Tcell
-135.8534744716194,-262.1268154583826,0.0,CD8_Tcell
102.11822358667118,335.12876151827373,0.0,CD8_Tcell
-378.2516028918892,-90.1877163789435,0.0,CD8_Tcell
196.8442671178576,-290.36887372815147,0.0,CD8_Tcell
212.2831631546446,-111.13856479396763,0.0,CD8_Tcell
-290.35236552114264,81.90157155389937,0.0,CD8_Tcell
336.4686665770272,92.6034681797572,0.0,CD8_Tcell
76.42510382060107,255.38717402758363,0.0,CD8_Tcell
-9.340936929928164,285.67692946418185,0.0,CD8_Tcell
-373.96553952962586,79.61910652234579,0.0,CD8_Tcell
324.2638842382179,-45.42832460220921,0.0,CD8_Tcell
-245.43408099765216,56.04924939384515,0.0,CD8_Tcell
-111.55683048176678,206.9147288617879,0.0,CD8_Tcell
202.9623188095577,4.3160788293258845,0.0,CD8_Tcell
85.91471418497596,315.4107656753994,0.0,CD8_Tcell
-282.0431469173249,11.387791654561642,0.0,CD8_Tcell
37.04128486132648,-332.15855524802674,0.0,CD8_Tcell
-366.1456001281922,75.13014583365421,0.0,CD8_Tcell
-303.96525174930673,242.29438405506448,0.0,CD8_Tcell
-130.1088208768685,-340.4508746957803,0.0,CD8_Tcell
-311.6775617180361,188.20451458589505,0.0,CD8_Tcell
-231.1043705409128,-264.59569767969464,0.0,CD8_Tcell
-254.98203952639057,145.21579665611694,0.0,CD8_Tcell
-230.43595018167355,-312.18487684272736,0.0,CD8_Tcell
320.62092457894875,-50.54492911228705,0.0,CD8_Tcell
-142.0686037294962,271.51522098241634,0.0,CD8_Tcell
281.9985028139445,205.75010002146752,0.0,CD8_Tcell
277.1132785851138,-260.8171762780074,0.0,CD8_Tcell
307.03119130034605,-22.217776502932853,0.0,CD8_Tcell
-259.22187606141466,215.74614534147,0.0,CD8_Tcell
-204.89170447751192,-199.02325744787254,0.0,CD8_Tcell
-36.17651621971198,225.24964550977182,0.0,CD8_Tcell
227.95415078898654,-180.65180172358137,0.0,CD8_Tcell
-222.53661202054926,-15.307631144914579,0.0,CD8_Tcell
92.6272220677913,304.27989687421257,0.0,CD8_Tcell
210.69532946131991,-73.60691786829496,0.0,CD8_Tcell
-321.56364229386105,-224.86679689379272,0.0,CD8_Tcell
-175.0716752885613,-179.29267592171846,0.0,CD8_Tcell
-322.8257137588357,17.301863518138134,0.0,CD8_Tcell
266.21449116267314,-200.76447419159973,0.0,CD8_Tcell
-175.8773033815372,215.81372125901729,0.0,CD8_Tcell
-175.536643121393,133.39278863106532,0.0,CD8_Tcell
-365.66519084381275,75.940093730818,0.0,CD8_Tcell
150.96275767384626,-288.89561502405695,0.0,CD8_Tcell
-218.4473389489028,-14.964881861748601,0.0,CD8_Tcell
278.80292054994385,17.32906668727803,0.0,CD8_Tcell
13.395027026979223,237.40951133049,0.0,CD8_Tcell
-46.95753193111037,318.18964341970536,0.0,CD8_Tcell
-35.18171290739884,-341.1372025188645,0.0,CD8_Tcell
-205.73874701080288,245.2541391575536,0.0,CD8_Tcell
-229.12117307573223,-216.08983791308506,0.0,CD8_Tcell
-171.1903459587167,218.85028438181996,0.0,CD8_Tcell
94.43713461100502,178.7061275157811,0.0,CD8_Tcell
-395.8898341593068,16.322676395814803,0.0,CD8_Tcell
34.56889692755452,-359.82820654392464,0.0,CD8_Tcell
-3.3552678830266474,-229.34563788411236,0.0,CD8_Tcell
158.47038973845343,233.47945749687221,0.0,CD8_Tcell
280.46863861089264,199.2606797238058,0.0,CD8_Tcell
-354.0628606891914,161.1941814436975,0.0,CD8_Tcell
187.75639545277008,-199.33286265195227,0.0,CD8_Tcell
296.73328471028884,222.62493985867752,0.0,CD8_Tcell
281.4041584475889,167.97789994174408,0.0,CD8_Tcell
-198.23215581373714,316.8745879634311,0.0,CD8_Tcell
-27.2713881725658,-261.17720274566085,0.0,CD8_Tcell
317.1665826271754,-96.87542237748072,0.0,CD8_Tcell
371.6651232612556,-120.32684949427619,0.0,CD8_Tcell
-300.28955447017574,128.0702877735349,0.0,CD8_Tcell
196.47837901630638,323.1973340984684,0.0,CD8_Tcell
-275.6638273355831,-215.97610056939322,0.0,CD8_Tcell
40.539198802867496,-280.48401348269914,0.0,CD8_Tcell
-286.44573072439687,-3.8303572116326037,0.0,CD8_Tcell
-138.54424878273795,-346.6677481210943,0.0,CD8_Tcell
338.68574520100253,204.10340371374778,0.0,CD8_Tcell
-279.82374393544296,-275.8523361698067,0.0,CD8_Tcell
92.4927572851103,-213.20649237368406,0.0,CD8_Tcell
29.65849343701546,-354.2554595483443,0.0,CD8_Tcell
8.681606146468686,212.65924777981232,0.0,CD8_Tcell
210.38252284137738,-174.13236805561712,0.0,CD8_Tcell
-142.61492503720234,270.67456572315433,0.0,CD8_Tcell
-347.8935263605292,175.0165502070953,0.0,CD8_Tcell
252.77126431632718,-84.24116952146863,0.0,CD8_Tcell
205.1599654296197,129.32443918689142,0.0,CD8_Tcell
-338.2594556827891,125.8298065585996,0.0,CD8_Tcell
158.39692901219289,362.9761052219659,0.0,CD8_Tcell
279.58582391376495,251.3588260152888,0.0,CD8_Tcell
-128.78509930059585,274.6793050195269,0.0,CD8_Tcell
13.478337038140033,258.64543287992035,0.0,CD8_Tcell
-147.2499761424308,282.40761890904963,0.0,CD8_Tcell
69.49335473466813,350.3407415352233,0.0,CD8_Tcell
270.74188330898096,231.22940521215807,0.0,CD8_Tcell
217.67729215669402,108.13276619106577,0.0,CD8_Tcell
33.59109219936952,374.4722114686886,0.0,CD8_Tcell
64.22479862110319,205.63386052637617,0.0,CD8_Tcell
-89.89589140138676,356.8935950276294,0.0,CD8_Tcell
-110.93008782247747,262.2105142106292,0.0,CD8_Tcell
273.5903015750664,-173.07832602680872,0.0,CD8_Tcell
-298.33872113670304,-146.09240764036338,0.0,CD8_Tcell
305.0306530906533,-185.91811190083573,0.0,CD8_Tcell
252.37291374721494,-138.9617750853205,0.0,CD8_Tcell
-252.97956524187683,-304.4896844037058,0.0,CD8_Tcell
-218.1625078801584,119.96120519670592,0.0,CD8_Tcell
-102.64413971595107,-263.6821180858733,0.0,CD8_Tcell
162.28200013380226,275.34234537590424,0.0,CD8_Tcell
-271.9427479571359,165.80349675586496,0.0,CD8_Tcell
19.409836397321694,351.610254645079,0.0,CD8_Tcell
-317.36084499918485,-5.851041895846109,0.0,CD8_Tcell
-11.378829765026738,-344.87224396620445,0.0,CD8_Tcell
-270.30344486269155,-294.0385075925863,0.0,CD8_Tcell
-281.7537095937174,-197.26093482621997,0.0,CD8_Tcell
-71.93639828441027,294.37388872101434,0.0,CD8_Tcell
153.52671318382255,-139.96750526480608,0.0,CD8_Tcell
-292.4759695460848,1.258546931289434,0.0,CD8_Tcell
-270.0165481097092,-166.50015311103564,0.0,CD8_Tcell
334.0132655460504,178.5241794442754,0.0,CD8_Tcell
-276.24383413535696,-218.82267407573806,0.0,CD8_Tcell
344.2629909600864,163.74182901586713,0.0,CD8_Tcell
-130.47145481689793,327.6663827001849,0.0,CD8_Tcell
-4.209478432618293,380.90316658826805,0.0,CD8_Tcell
-170.39520804003823,352.38120892916425,0.0,CD8_Tcell
-263.72462324523593,11.8072975992109,0.0,CD8_Tcell
-272.56327181807654,-200.9993509233671,0.0,CD8_Tcell
-384.45496447027216,15.179781853690711,0.0,CD8_Tcell
325.3826457756619,119.20050696055836,0.0,CD8_Tcell
-16.105505713912496,259.11684023552726,0.0,CD8_Tcell
-166.07245998523797,-143.83265831679032,0.0,CD8_Tcell
52.4731191909979,-250.18215765636643,0.0,CD8_Tcell
-282.54727918392086,83.4991683038539,0.0,CD8_Tcell
214.5198272689708,-308.4106238726052,0.0,CD8_Tcell
204.9488836201328,60.11633713223632,0.0,CD8_Tcell
243.03031540775714,262.2210608924948,0.0,CD8_Tcell
-142.00850568834522,323.72885346199627,0.0,CD8_Tcell
50.73568309506295,295.2886838198276,0.0,CD8_Tcell
284.43782488882414,95.11629087220533,0.0,CD8_Tcell
-166.94050635460866,-283.3482676172783,0.0,CD8_Tcell
-352.99873686406505,-75.70763683299086,0.0,CD8_Tcell
-393.1156518796073,30.898996587169453,0.0,CD8_Tcell
-46.50275679273217,213.39054715276038,0.0,CD8_Tcell
224.1631042508741,68.72792057917357,0.0,CD8_Tcell
175.43725626499005,-304.6970049044919,0.0,CD8_Tcell
13.160799099458021,205.9135684255061,0.0,CD8_Tcell
151.7363857277162,-337.22045295030864,0.0,CD8_Tcell
33.262794265156565,239.926677414679,0.0,CD8_Tcell
373.15467642511567,-22.70941261217284,0.0,CD8_Tcell
177.0745247499914,-335.9408532979122,0.0,CD8_Tcell
396.5796583544411,35.747515327940846,0.0,CD8_Tcell
120.13673809179657,-198.6611487228652,0.0,CD8_Tcell
-242.18156358114442,-189.26964049264006,0.0,CD4_Tcell
33.300070517635135,320.2845446221623,0.0,CD4_Tcell
159.47691019688648,-274.769382315166,0.0,CD4_Tcell
-188.84387676894838,327.160853478021,0.0,CD4_Tcell
-392.92514618834537,-55.31815846644782,0.0,CD4_Tcell
288.08459988688645,248.32845977314489,0.0,CD4_Tcell
-285.74780110382017,65.33445247508867,0.0,CD4_Tcell
49.42188747016805,-209.45279858138804,0.0,CD4_Tcell
-178.94664167240182,298.72138973304754,0.0,CD4_Tcell
53.24357491793806,363.4151500293258,0.0,CD4_Tcell
212.5590990702155,-167.5518233013226,0.0,CD4_Tcell
-302.9641473777056,-35.17926793456008,0.0,CD4_Tcell
166.43236927900566,250.51952515506335,0.0,CD4_Tcell
225.97767954897424,-292.8996091246256,0.0,CD4_Tcell
-74.69296267762276,267.77136597161496,0.0,CD4_Tcell
-282.30498631360257,-232.2947446394867,0.0,CD4_Tcell
54.26642787587915,245.75119979578258,0.0,CD4_Tcell
-94.7684215193362,190.2668735073138,0.0,CD4_Tcell
65.48136039507116,-324.59829411583127,0.0,CD4_Tcell
354.8610465277701,-33.759656686631835,0.0,CD4_Tcell
-253.24564684602308,231.25367433903793,0.0,CD4_Tcell
-78.58150439714305,343.7442976142295,0.0,CD4_Tcell
-273.13202097937426,-187.00158042808238,0.0,CD4_Tcell
-204.02531875547314,-285.1963405647141,0.0,CD4_Tcell
113.26136860269428,-338.7978421534939,0.0,CD4_Tcell
287.2544914223608,-34.00869117968486,0.0,CD4_Tcell
205.98444053271857,86.04710283371428,0.0,CD4_Tcell
-282.3377445668186,248.59696035154855,0.0,CD4_Tcell
-248.70579228711534,-47.79801493639684,0.0,CD4_Tcell
177.21921617937468,-223.5167033397268,0.0,CD4_Tcell
-270.7192218348556,142.02245638910972,0.0,CD4_Tcell
-91.22031151501372,259.0409766970754,0.0,CD4_Tcell
242.64183702816797,204.79312925930256,0.0,CD4_Tcell
-366.5227778908191,148.5600968587982,0.0,CD4_Tcell
-291.08211964946065,-164.0739831662103,0.0,CD4_Tcell
150.85372370803557,-312.03291115175995,0.0,CD4_Tcell
-110.09126434926439,377.8195173878291,0.0,CD4_Tcell
24.283018205112043,200.43594376136187,0.0,CD4_Tcell
342.7469478450335,49.45628192526725,0.0,CD4_Tcell
215.65185789933253,50.49928101363243,0.0,CD4_Tcell
-186.5130097332332,107.41163950337058,0.0,CD4_Tcell
-23.488617088369445,-281.6214401622617,0.0,CD4_Tcell
-85.90465382334749,-328.2507842509965,0.0,CD4_Tcell
250.2492767582708,-140.28231596190207,0.0,CD4_Tcell
-328.5755713423893,188.69002984399464,0.0,CD4_Tcell
-272.59150804224385,-219.29893115178376,0.0,CD4_Tcell
225.48151207806205,-183.91702962407723,0.0,CD4_Tcell
122.98266923879794,-319.96631734479286,0.0,CD4_Tcell
339.99901273479634,-168.84274691055032,0.0,CD4_Tcell
299.94221883758973,-181.8810673387158,0.0,CD4_Tcell
176.27939899058975,-258.03555336547674,0.0,CD4_Tcell
-115.26434828577416,382.92350797053257,0.0,CD4_Tcell
-71.64435389469098,348.0377045278086,0.0,CD4_Tcell
264.30553512017997,-52.567696738122834,0.0,CD4_Tcell
-217.74023926889026,-217.80317814527103,0.0,CD4_Tcell
-319.00438800031225,-89.94464613950872,0.0,CD4_Tcell
332.43372140337317,140.02802443330322,0.0,CD4_Tcell
-13.40557718454274,250.03970677057276,0.0,CD4_Tcell
131.6866230558758,150.58021124448365,0.0,CD4_Tcell
112.55651999662715,-302.83324223002836,0.0,CD4_Tcell
99.09568095438301,308.8367335399373,0.0,CD4_Tcell
224.2357516291175,138.10307869833713,0.0,CD4_Tcell
136.78453826393644,-224.3260249647176,0.0,CD4_Tcell
3.9743531800806142,-394.12362121435285,0.0,CD4_Tcell
-207.7766261349618,141.30834794022246,0.0,CD4_Tcell
-90.97679834278293,357.16185588617293,0.0,CD4_Tcell
335.3497992894592,143.90115435098778,0.0,CD4_Tcell
-77.49630049085692,-323.191287834731,0.0,CD4_Tcell
-226.4731933647675,-179.53491787684987,0.0,CD4_Tcell
181.19178085382663,-113.28033057457237,0.0,CD4_Tcell
-90.22535738783029,349.5757438097568,0.0,CD4_Tcell
36.91869483667524,-375.7315024935382,0.0,CD4_Tcell
-331.1305748546118,8.251503505556506,0.0,CD4_Tcell
-220.6473999773531,121.42140804100089,0.0,CD4_Tcell
242.4022037758405,27.21615478325475,0.0,CD4_Tcell
364.71667392912576,151.53293971990644,0.0,CD4_Tcell
-195.2932105817042,-79.3024710924837,0.0,CD4_Tcell
-302.6524089140149,-124.14834367028891,0.0,CD4_Tcell
-258.4552288347503,178.3090754096485,0.0,CD4_Tcell
-230.26067191518854,-61.174639056613664,0.0,CD4_Tcell
-349.2290138509352,-177.81639469306094,0.0,CD4_Tcell
-251.9092028563261,297.0047139311423,0.0,CD4_Tcell
128.44743083950098,207.0879898532364,0.0,CD4_Tcell
227.31256317232385,-86.08794849258315,0.0,CD4_Tcell
-146.26819580979023,-277.4769651244899,0.0,CD4_Tcell
100.72363555709705,-200.4628666355351,0.0,CD4_Tcell
43.56662692540209,261.50068577976845,0.0,CD4_Tcell
-172.36406354173505,252.91745786900208,0.0,CD4_Tcell
-240.37401464625728,-23.29257107276099,0.0,CD4_Tcell
-306.3374165113502,18.255461602675325,0.0,CD4_Tcell
155.9391926007176,324.1250747442941,0.0,CD4_Tcell
-224.69717444149774,178.99842840220361,0.0,CD4_Tcell
127.44026381028603,166.77955326016266,0.0,CD4_Tcell
-156.27418333855482,179.07677318255514,0.0,CD4_Tcell
-140.46248344184247,-152.5813193800091,0.0,CD4_Tcell
-63.436183635422346,224.9450439559913,0.0,CD4_Tcell
-243.0641007678384,43.46174540815577,0.0,CD4_Tcell
-291.3073505138999,-222.83556571436168,0.0,CD4_Tcell
-88.67468852727536,-203.49650264394953,0.0,CD4_Tcell
169.38734762637603,190.60498099612568,0.0,CD4_Tcell
-228.1714778263314,309.3755783478859,0.0,CD4_Tcell
284.059145550785,263.72355758424374,0.0,CD4_Tcell
-98.4588850770303,-276.9020515713404,0.0,CD4_Tcell
-261.6238306900401,263.66093620718414,0.0,CD4_Tcell
93.72607390515768,-231.95180100402166,0.0,CD4_Tcell
2.9128779879594693,360.9611169247427,0.0,CD4_Tcell
-204.4729956529998,-49.90146869734776,0.0,CD4_Tcell
-387.21804424825683,99.38932432219421,0.0,CD4_Tcell
351.5080497012158,186.71376952582932,0.0,CD4_Tcell
-92.42075523395428,388.78629480424087,0.0,CD4_Tcell
-142.24196183990463,157.05561978755657,0.0,CD4_Tcell
260.99480889554604,66.42036551730077,0.0,CD4_Tcell
-324.3980586804882,44.78584681583227,0.0,CD4_Tcell
-326.62007021526796,-47.618910060514885,0.0,CD4_Tcell
169.56191729528518,-307.51446889808733,0.0,CD4_Tcell
-93.60002209806173,-246.4581519916054,0.0,CD4_Tcell
216.65904795776763,-199.35820121199632,0.0,CD4_Tcell
60.72283568199547,-387.09975684825247,0.0,CD4_Tcell
261.77816878598685,-188.9005603288568,0.0,CD4_Tcell
-225.4241384321037,96.50919613951508,0.0,CD4_Tcell
-8.05971510106757,-205.55070725328957,0.0,CD4_Tcell
92.93110633943704,-260.06013596002975,0.0,CD4_Tcell
-181.8275918218218,279.16492060581214,0.0,CD4_Tcell
23.17785383295955,203.8780491348087,0.0,CD4_Tcell
372.43614489309533,-118.26134349871238,0.0,CD4_Tcell
-329.8402809914084,109.14892036455566,0.0,CD4_Tcell
49.02272277092239,207.77278493488114,0.0,CD4_Tcell
-208.1692536283008,144.72688372556266,0.0,CD4_Tcell
-359.01558404940283,-141.988931608043,0.0,CD4_Tcell
-295.38227431975224,-10.828581564395769,0.0,CD4_Tcell
193.76251048967717,-120.59700081304203,0.0,CD4_Tcell
-159.4852383231874,155.36395213023715,0.0,CD4_Tcell
3.113264070742489,-238.26787966217583,0.0,CD4_Tcell
196.29386306811097,-90.29879179331776,0.0,CD4_Tcell
-285.42502081385476,-255.79884331114886,0.0,CD4_Tcell
327.68682897895013,-14.49391863724316,0.0,CD4_Tcell
345.5408521361189,130.79689325148018,0.0,CD4_Tcell
-95.18626060531625,-235.61224499977865,0.0,CD4_Tcell
70.03076404833882,-357.1719454726959,0.0,CD4_Tcell
227.57985754256788,78.67245025523444,0.0,CD4_Tcell
346.3067546042527,-152.71327252982925,0.0,CD4_Tcell
-186.82448740120083,-140.48534711056644,0.0,CD4_Tcell
328.0905586008429,6.530133787637277,0.0,CD4_Tcell
-290.9328855787354,40.69183497328828,0.0,CD4_Tcell
213.89318514127962,254.58808965720527,0.0,CD4_Tcell
-86.5798111509867,256.78151688349595,0.0,CD4_Tcell
327.7637081097082,-166.77928366914927,0.0,CD4_Tcell
-367.68244395057894,-26.285911056918586,0.0,CD4_Tcell
340.69465110093154,-72.3476398171898,0.0,CD4_Tcell
232.83098400114164,-9.63633170000483,0.0,CD4_Tcell
363.3625670954227,-22.0025121541482,0.0,CD4_Tcell
-225.04189274495593,151.7090489658784,0.0,CD4_Tcell
16.34367927470862,-248.40517455069676,0.0,CD4_Tcell
202.7722817701614,-196.62732302014416,0.0,CD4_Tcell
55.58767296736923,297.62761215652534,0.0,CD4_Tcell
-15.839749697504903,260.2325071575932,0.0,CD4_Tcell
275.07994686030196,-53.44479448152318,0.0,CD4_Tcell
-259.4494194897027,-25.22018203044075,0.0,CD4_Tcell
-109.11347776964614,-268.66936886884554,0.0,CD4_Tcell
-312.2341294340281,149.41162554088058,0.0,CD4_Tcell
229.7007436389756,-239.3116434424107,0.0,CD4_Tcell
-245.3005937385649,-103.16876923527232,0.0,CD4_Tcell
296.00175301158845,25.38199008872586,0.0,CD4_Tcell
-107.92568144194443,305.5131094850088,0.0,CD4_Tcell
-96.28234784452283,224.18514957590466,0.0,CD4_Tcell
-368.9284179896863,-3.2169910700778535,0.0,CD4_Tcell
324.7019734208147,-172.7187697047549,0.0,CD4_Tcell
150.12703718898493,299.0010782392199,0.0,CD4_Tcell
13.546995831198686,367.77144118286424,0.0,CD4_Tcell
46.55615805581604,262.23756246995123,0.0,CD4_Tcell
178.0103199599254,237.03777425108203,0.0,CD4_Tcell
-125.15032277099536,-178.85423058814987,0.0,CD4_Tcell
353.6787464199628,37.272954862472204,0.0,CD4_Tcell
-106.88835054522238,-268.3628394471485,0.0,CD4_Tcell
24.967667859629216,301.2673659396241,0.0,CD4_Tcell
348.3912818025719,109.57367614227668,0.0,CD4_Tcell
-224.07621731081127,-130.9923982340377,0.0,CD4_Tcell
161.25302172187995,236.8282214794624,0.0,CD4_Tcell
-200.32331880845598,-342.9270733748309,0.0,CD4_Tcell
94.73694664405122,-326.90112807576156,0.0,CD4_Tcell
-131.81089575737897,296.63311868781847,0.0,CD4_Tcell
128.6740325393198,176.76553779781455,0.0,CD4_Tcell
339.1165650016472,-169.010804981929,0.0,CD4_Tcell
-345.51972950786325,37.321643762405365,0.0,CD4_Tcell
369.3431652917569,-77.41803332021948,0.0,CD4_Tcell
224.51556340454013,-143.12204471270525,0.0,CD4_Tcell
260.81365601288064,194.86184577112653,0.0,CD4_Tcell
221.02688128396719,118.83182770182522,0.0,CD4_Tcell
-157.3900575877315,-282.90287144865334,0.0,CD4_Tcell
311.1403125726838,67.69866732076058,0.0,CD4_Tcell
-374.5417932121451,108.04967140700103,0.0,CD4_Tcell
-137.51612055764824,325.26229706334897,0.0,CD4_Tcell
41.14094173385108,-289.04573183821776,0.0,CD4_Tcell
266.1060329325369,132.46096357720188,0.0,CD4_Tcell
212.70303475688894,319.6381661049837,0.0,CD4_Tcell
-85.09692310398725,261.7536242507688,0.0,CD4_Tcell
203.285314264636,201.26020250211258,0.0,CD4_Tcell
-68.52887252293691,-290.8213651317253,0.0,CD4_Tcell
178.65015675402182,-258.5605447629447,0.0,CD4_Tcell
-321.82492414741904,-200.30848227723754,0.0,CD4_Tcell
